{
    "normal": {
        "10": {
            "time": 206.40063619613647,
            "moves": 1023
        },
        "1": {
            "time": 0.20192313194274902,
            "moves": 1
        },
        "2": {
            "time": 0.6054339408874512,
            "moves": 3
        },
        "3": {
            "time": 1.4122540950775146,
            "moves": 7
        },
        "4": {
            "time": 3.0270156860351562,
            "moves": 15
        },
        "2": {
            "time": 0.6053981781005859,
            "moves": 3
        },
        "1": {
            "time": 0.2018296718597412,
            "moves": 1
        }
    },
    "fast": {
        "1": {
            "time": 0.20179510116577148,
            "moves": 1
        },
        "2": {
            "time": 0.6052932739257812,
            "moves": 3
        },
        "3": {
            "time": 1.4119086265563965,
            "moves": 7
        },
        "4": {
            "time": 3.0264742374420166,
            "moves": 15
        },
        "2": {
            "time": 0.6053328514099121,
            "moves": 3
        },
        "1": {
            "time": 0.20191621780395508,
            "moves": 1
        }
    }
}